1,Juan,García,Pérez,juangarcia@gmail.com
2,Ana,Martínez,González,anamartinez@hotmail.com
3,Luis,Hernández,Ramírez,luishernandezr@yahoo.com
4,María,Rodríguez,Sánchez,mariarodriguezs@gmail.com
5,Carlos,Ruiz,Martínez,carlosruizm@outlook.com
6,Sofía,Gómez,Flores,sofiagomezf@gmail.com
7,Jorge,Pérez,Ramírez,jorgeperezr@hotmail.com
8,Lucía,Fernández,Santos,luciafernandezs@yahoo.com
9,Pedro,González,Martín,pedrogonzalezm@gmail.com
10,María,Álvarez,Ruiz,mariaalvarezr@hotmail.com
11,Roberto,Sánchez,Hernández,robertosanchezh@gmail.com
12,Andrea,Ramírez,Gutiérrez,andrearamirezg@outlook.com
13,Daniel,Flores,García,danielfloresg@yahoo.com
14,Valeria,Cruz,Martínez,valeriacruzm@gmail.com
15,Miguel,Ortiz,Rodríguez,miguelortizr@hotmail.com
16,Carolina,Martínez,Ruiz,carolinamartinezr@yahoo.com
17,Alejandro,Hernández,Jiménez,alejandrohernandezj@gmail.com
18,Fabiola,Torres,Sánchez,fabiolatorress@gmail.com
19,Emilio,García,Martínez,emiliogarciam@hotmail.com
20,Mariana,López,Flores,marianalopezf@gmail.com
21,Juan Carlos,Jiménez,González,juancarlosjimenezg@outlook.com
22,Patricia,Díaz,Santos,patriciadiazs@yahoo.com
23,Javier,Martín,Ramírez,javiermartinr@gmail.com
24,Ana Laura,Rodríguez,Pérez,analaurarodriguezp@hotmail.com
25,José Luis,Sánchez,Hernández,joseluissanchezh@yahoo.com
26,Paulina,González,Flores,paulinagonzalezf@gmail.com
27,Ricardo,Pérez,Ruiz,ricardoperezr@hotmail.com
28,Lucas,Fernández,García,lucasfernandezg@yahoo.com
29,Laura,Moreno,Santos,lauramorenos@gmail.com
30,David,Gutiérrez,Martínez,davidgutierrezm@outlook.com
31,Daniela,Álvarez,Ramírez,danielaalvarezr@gmail.com
32,Roberto,Martínez,González,robertomartinezg@hotmail.com
33,Brenda,Sánchez,Hernández,brendasanchezh@yahoo.com
34,Juan José,Ramírez,Pérez,juanjoseramirezp@gmail.com
35,Ana Karen,Ruiz,Martínez,anakarenruizm@hotmail.com
36,José Antonio,García,Flores,joseantoniogarciaf@yahoo.com
37,María Fernanda,Hernández,Santos,mariafernandahernandezs@gmail.com
38,Santiago,Martín,González,santiagomarting@outlook.com
39,Ana Sofía,Pérez,Ramírez,anasofiaperezr@yahoo.com
40,Diego,Rodríguez,Sánchez,diegorodriguezs@gmail.com
41,Karla,Castro,Hernández,karlacastroh@hotmail.com
42,Ricardo,Luna,Martínez,ricardolunam@gmail.com
43,Ana Paula,Fernández,García,anapaulafernandezg@hotmail.com
44,Francisco,Juárez,Santos,franciscojuarezs@yahoo.com
45,Valentina,Galván,Ruiz,valentinagalvanr@gmail.com
46,Manuel,Guzmán,Pérez,manuelguzmanp@hotmail.com
47,Daniela,Rivas,Martínez,danielarivasm@yahoo.com
48,José Manuel,Hernández,Ramírez,josemanuelhernandezr@outlook.com
49,Karen,Romero,González,karenromerog@gmail.com
50,Jesús,Ramírez,Sánchez,jesusrasanchez@hotmail.com
51,Fernanda,Sánchez,Ruiz,fernandasanchezr@yahoo.com
52,Mauricio,Vázquez,Martínez,mauriciovazquezm@gmail.com
53,Paola,Reyes,Flores,paolareyesf@hotmail.com
54,Hugo,Villa,García,hugovillag@yahoo.com
55,Ana Sofía,Santos,Martínez,anasofiasantosm@gmail.com
56,Eduardo,Galván,Fernández,eduardogalvanf@hotmail.com
57,Isabel,Mendoza,Hernández,isabelmendozah@yahoo.com
58,Juan Manuel,Silva,Rodríguez,juanmanuelsilvar@gmail.com
59,Liliana,Franco,Sánchez,lilianafranco@hotmail.com
60,Luis Eduardo,Torres,Ramírez,luiseduardotorresr@yahoo.com
61,Montserrat,Álvarez,González,montserrat-alvarezg@gmail.com
62,Ricardo,Pineda,Martínez,ricardopinedam@hotmail.com
63,Adriana,Ortiz,Flores,adrianaortizf@yahoo.com
64,Mariano,Martínez,Ruiz,marianomartinezr@gmail.com
65,Natalia,Sánchez,Hernández,nataliasanchezh@hotmail.com
66,Jorge Luis,Ramírez,Pérez,jorgeluisramirezp@yahoo.com
67,Luz Elena,González,Martínez,luzelenagonzalezm@outlook.com
68,Mario,Hernández,Fernández,mariohernandezf@gmail.com
69,Paola,Jiménez,Santos,paolajimenezs@yahoo.com
70,Raúl,Díaz,García,rauldiazg@hotmail.com
71,Sara,Martín,López,saramartinl@gmail.com
72,Julián,Rodríguez,Gutiérrez,julianrodriguezg@outlook.com
73,Ana Cecilia,Santos,Rodríguez,anaceciliasantosr@yahoo.com
74,Luis Ángel,González,Flores,luisangelgonzalezf@gmail.com
75,Verónica,Ramírez,Ruiz,veronicaramirezr@hotmail.com
76,Gabriel,García,Pérez,gabrielgarciap@yahoo.com
77,Samantha,Fernández,Hernández,samanthafernandezh@gmail.com
78,Omar,Pérez,Martínez,omarperezm@hotmail.com
79,Rosa María,Rodríguez,Sánchez,rosamariarodriguezs@yahoo.com
80,Mariana,Martínez,Ramírez,marianamartinezr@hotmail.com
81,Juan Pablo,Ruiz,González,juanpabloruizg@yahoo.com
82,Fabiola,González,Santos,fabiolagonzalezs@gmail.com
83,Roberto,Hernández,Rodríguez,robertohernandezr@hotmail.com
84,Ana Laura,Sánchez,García,analaurasanchezg@gmail.com
85,Diego Andrés,Pérez,Fernández,diegoandresperezf@yahoo.com
86,María José,Martínez,Hernández,mariajosemartinezh@hotmail.com
87,Luis Antonio,García,Martínez,luisantoniogarciam@gmail.com
88,Valeria,Rodríguez,Ruiz,valeriarodriguezr@yahoo.com
89,César,Guzmán,Ramírez,cesarguzmanr@hotmail.com
90,Paulina,López,Santos,paulinalopezs@gmail.com
91,Daniel,Rodríguez,Flores,danielrodriguezf@yahoo.com
92,Brenda,Hernández,González,brendahernandezg@hotmail.com
93,Javier,Martínez,Pérez,javiermartinezp@yahoo.com
94,Montserrat,Sánchez,Rodríguez,montserratsanchezr@gmail.com
95,Erick,Jiménez,Hernández,erickjimenezh@hotmail.com
96,Karina,Pérez,Ramírez,karinaperezz@yahoo.com
97,Joaquín,Fernández,García,joaquinfernandezg@gmail.com
98,Nadia,Romero,Martínez,nadiaromerom@hotmail.com
99,Oscar,García,Sánchez,oscargarcias@yahoo.com
100,Elena,Ortega,Hernández,elenaoht@gmail.com
